<?xml version="1.0" encoding="utf-8" standalone="yes" ?>
<rss version="2.0" xmlns:atom="http://www.w3.org/2005/Atom">
  <channel>
    <title>Posts on Colors and fonts</title>
    <link>http://designnblog.com/post/</link>
    <description>Recent content in Posts on Colors and fonts</description>
    <generator>Hugo -- gohugo.io</generator>
    <language>en-us</language>
    <lastBuildDate>Sat, 07 Oct 2017 11:42:52 -0700</lastBuildDate>
    
	<atom:link href="http://designnblog.com/post/index.xml" rel="self" type="application/rss+xml" />
    
    
    <item>
      <title>Colors</title>
      <link>http://designnblog.com/post/chapter-1/</link>
      <pubDate>Sat, 07 Oct 2017 11:42:52 -0700</pubDate>
      
      <guid>http://designnblog.com/post/chapter-1/</guid>
      <description>Picking colours and fonts according to website While designing a website, a designer needs to keep a few things in mind such as right color combination, typography, images, right balance between the images and text, etc. The most important aspect of a strong UX/UI is to have a design that is simple and unique.
Colors have a great influence on human state of mind. The beautiful combination of colors with effective font can attract the visitor to engage in the goal of the site.</description>
    </item>
    
  </channel>
</rss>